macro_f1,top3,gap,ty_le_that,max_depth,learning_rate,n_estimators,subsample,colsample_bytree,min_child_weight,reg_alpha,reg_lambda,gamma,max_delta_step
0.14278809342157758,0.3396796338672769,0.7935652074203696,2.0,10,0.2,600,0.7,0.4,3,2.0,100.0,1.0,0
0.13933452001325303,0.34839054157131966,0.8183438277421317,1.5,6,0.01,600,0.9,0.6,15,2.0,1.0,0.1,5
0.13923128528391687,0.3466666666666667,0.6550267968870742,0.6,4,0.08,600,1.0,0.4,3,10.0,10.0,1.0,5
0.13869703616309953,0.33276887871853544,0.8013599357871805,2.0,8,0.03,600,1.0,0.4,50,0.5,3.0,5.0,0
0.13728319438845754,0.34840579710144925,0.6742340577217412,0.8,4,0.2,600,0.9,0.6,3,5.0,3.0,5.0,0
0.1371756390082182,0.34143401983218913,0.6950966931394984,1.0,8,0.08,600,0.5,0.3,10,0.1,100.0,0.1,1
0.1370769160234043,0.3361708619374523,0.5662328312967699,2.0,2,0.03,600,0.9,0.4,15,2.0,30.0,2.0,0
0.1359948682120628,0.3518535469107551,0.6441313570940708,0.4,8,0.2,600,0.8,0.6,15,2.0,1.0,0.1,5
0.13566456168266122,0.36579710144927535,0.7321109964453617,1.0,6,0.12,600,0.7,0.6,20,5.0,30.0,0.5,5
0.1355486000508625,0.3362471395881007,0.7200146074193725,0.6,4,0.12,600,0.8,1.0,6,0.5,0.1,0.5,5
0.13546587690312384,0.3344622425629291,0.8266152166434843,0.6,10,0.03,600,1.0,0.8,3,0.1,10.0,0.1,1
0.13415335628005312,0.36236460717009916,0.394553925307728,0.6,2,0.12,600,0.6,0.3,20,10.0,0.1,5.0,1
0.13413281539978372,0.3483752860411899,0.37319084867610913,0.25,10,0.05,600,0.8,0.4,15,10.0,10.0,1.0,1
0.13387092060823902,0.3501906941266209,0.6602001166599363,0.6,4,0.08,600,0.6,0.3,6,10.0,1.0,0.5,1
0.1316326776960261,0.34144927536231884,0.8188206876953681,2.0,5,0.05,600,0.9,0.3,15,0.0,100.0,0.1,0
0.13120264284946354,0.3448665141113654,0.8032029135071268,1.5,6,0.01,600,0.7,0.8,10,5.0,30.0,2.0,3
0.13099787927842227,0.3589016018306636,0.6506751818449221,0.8,3,0.03,600,0.9,0.6,3,0.0,10.0,5.0,3
0.13099080657904189,0.365812356979405,0.7739422084623323,1.0,5,0.01,600,0.9,0.3,30,0.0,0.1,0.5,1
0.1300988604156025,0.36411899313501145,0.6729231789334091,1.0,3,0.05,600,0.7,0.8,3,5.0,10.0,1.0,3
0.12983960858454785,0.3623340961098398,0.6915680291948968,1.0,8,0.05,600,0.5,0.4,20,5.0,10.0,1.0,5
0.12973093857709245,0.3432036613272311,0.7399837972310715,0.8,8,0.01,600,0.9,0.3,20,0.5,30.0,0.0,1
0.12932021640166436,0.37278413424866513,0.5669767627366228,0.4,6,0.05,600,1.0,0.4,20,10.0,0.1,0.5,5
0.1289463151227857,0.3500839054157132,0.593647617195874,2.0,2,0.01,600,0.7,0.6,3,5.0,1.0,2.0,1
0.12858306556329896,0.3640579710144927,0.5801200999087659,0.8,4,0.01,600,0.7,0.6,30,2.0,10.0,1.0,3
0.1281684839377147,0.35881006864988557,0.6734122532816839,1.0,5,0.2,600,0.9,0.8,30,5.0,30.0,0.5,3
0.12797487844641928,0.33969488939740655,0.40551671876480067,0.6,8,0.03,600,0.6,0.3,50,0.1,3.0,1.0,1
0.12743200657227807,0.3396338672768878,0.655531226474826,0.6,10,0.2,600,0.8,0.6,20,0.1,0.1,0.0,3
0.1273851839462699,0.3327078565980168,0.6694058818543944,1.5,4,0.05,600,1.0,1.0,50,0.1,3.0,5.0,1
0.1272746509398093,0.35360793287566744,0.5531228469012828,1.0,6,0.05,600,0.6,0.6,50,0.5,3.0,0.1,1
0.1266778214861092,0.33790999237223496,0.8288673018152087,2.0,10,0.01,600,0.9,0.6,15,5.0,30.0,2.0,3
0.12645146708495125,0.35009916094584287,0.767849668217147,1.0,5,0.12,600,1.0,0.8,1,5.0,100.0,0.0,0
0.12591133412995764,0.36581235697940506,0.5892600070793635,0.6,6,0.05,600,0.7,0.6,30,0.0,10.0,0.1,1
0.1257067477301591,0.34144927536231884,0.7094464137040528,0.8,3,0.2,600,0.9,0.3,1,2.0,3.0,0.0,3
0.12523611566121687,0.3431578947368421,0.8135508991290388,0.8,5,0.03,600,0.9,0.3,6,5.0,3.0,0.1,1
0.12416135353977698,0.3379252479023646,0.801390546556787,1.5,5,0.08,600,0.6,0.8,15,0.0,10.0,0.5,1
0.12410873272864223,0.3518535469107552,0.6563550251018283,0.4,8,0.03,600,0.9,0.8,10,0.1,100.0,0.0,0
0.12407680335597955,0.3466361556064073,0.6280474417074229,2.0,3,0.2,600,0.7,1.0,50,10.0,100.0,0.0,3
0.1238195565118642,0.34492753623188405,0.7805288583778286,0.8,4,0.05,600,0.9,0.8,1,0.1,10.0,0.0,3
0.12323732973649619,0.3397101449275362,0.6205738272934396,0.4,3,0.2,600,1.0,0.3,3,0.5,0.1,2.0,5
0.1228207163672647,0.36753623188405793,0.532661641315565,2.0,2,0.01,600,0.6,0.4,3,10.0,30.0,1.0,5
0.12280503809915574,0.346697177726926,0.33572471246316987,0.25,3,0.08,600,0.8,0.4,20,2.0,0.1,2.0,0
0.12220022830406255,0.32053394355453857,0.8414950419527077,2.0,6,0.05,600,1.0,0.8,1,10.0,0.1,0.5,3
0.1221475675321829,0.3431884057971014,0.3618505057756639,0.25,8,0.08,600,0.5,0.4,10,0.5,30.0,1.0,3
0.12207366539945723,0.3641342486651411,0.4429125598879267,0.6,2,0.08,600,0.7,1.0,15,0.5,0.1,0.5,0
0.12166482459528423,0.34314263920671245,0.7269853377404866,1.0,4,0.02,600,0.9,1.0,3,0.5,100.0,0.5,0
0.12084532276839968,0.3414797864225782,0.4333523778186586,0.4,8,0.12,600,0.6,0.8,30,0.1,10.0,0.5,3
0.12043743225453156,0.35710144927536225,0.4664087185853238,0.4,6,0.02,600,0.8,0.4,15,10.0,10.0,2.0,5
0.1201806681670935,0.34836003051106024,0.39799798587118546,0.4,4,0.05,600,0.5,0.4,15,5.0,30.0,1.0,0
0.11979777532409111,0.3641037376048818,0.5117419721511792,0.4,4,0.12,600,0.6,1.0,15,0.0,10.0,2.0,0
0.11975874217955666,0.3571624713958811,0.4986728187333922,0.8,2,0.01,600,0.9,0.6,6,2.0,3.0,1.0,5
0.11954395277924687,0.34665141113653697,0.7124957748164101,0.6,5,0.03,600,0.9,1.0,1,10.0,30.0,0.5,1
0.11946679889047121,0.31704042715484365,0.8327536231884058,2.0,5,0.12,600,1.0,0.4,3,0.1,3.0,5.0,1
0.1192687605455656,0.3588710907704043,0.7783272759904877,1.0,4,0.12,600,0.5,0.6,1,2.0,10.0,0.1,1
0.1192126107510723,0.33443173150266975,0.7573845739668866,0.4,6,0.01,600,0.6,0.6,1,0.0,10.0,0.5,0
0.11914899117447345,0.338001525553013,0.7840004885758016,1.5,5,0.05,600,1.0,0.8,30,10.0,3.0,0.5,3
0.1191269851096725,0.3274599542334096,0.8328146453089245,1.5,8,0.08,600,0.7,0.8,1,2.0,0.1,2.0,3
0.1188684066787549,0.33966437833714724,0.7517593215776013,2.0,5,0.12,600,0.5,0.8,30,0.0,10.0,2.0,5
0.1185057091391933,0.3414035087719298,0.5126540634051739,1.0,5,0.2,600,0.5,0.8,6,2.0,100.0,5.0,1
0.11828635751712675,0.3448665141113654,0.8371567879630877,1.5,6,0.03,600,0.8,0.8,15,0.1,1.0,5.0,3
0.11827891900290091,0.3379252479023646,0.8022468504309936,0.4,10,0.05,600,0.5,0.6,3,0.1,3.0,0.1,5
0.11819418891817082,0.3501144164759725,0.8118805681438606,1.0,10,0.01,600,0.7,1.0,10,2.0,30.0,0.0,5
0.11811518379391683,0.35360793287566744,0.6929260206498059,0.4,6,0.08,600,0.9,0.4,10,2.0,3.0,2.0,1
0.11801633738880701,0.3605949656750572,0.6323842000568343,0.4,8,0.02,600,0.9,0.4,20,0.1,3.0,1.0,0
0.11783271485819713,0.3292143401983219,0.8336518049884587,1.0,6,0.05,600,0.6,0.8,3,0.1,0.1,1.0,0
0.11771744969768308,0.33620137299771163,0.8397101449275363,1.0,10,0.01,600,0.7,0.6,10,0.1,1.0,1.0,3
0.11752005828928906,0.36581235697940506,0.4102566020051549,0.6,8,0.05,600,0.5,1.0,20,2.0,30.0,5.0,5
0.11751288430021463,0.3640884820747521,0.6458880363739699,0.4,8,0.02,600,0.9,0.4,20,0.1,3.0,0.1,0
0.11742991715842395,0.3518840579710145,0.28824805691409544,0.4,6,0.05,600,0.6,0.3,6,2.0,30.0,5.0,3
0.11740241614735543,0.3292143401983219,0.8209813393956615,0.8,5,0.12,600,0.8,0.3,6,2.0,0.1,2.0,3
0.11727095093610931,0.36236460717009916,0.47735615680291943,0.4,3,0.12,600,0.8,0.8,10,0.1,0.1,0.5,5
0.11713184921329718,0.3536536994660564,0.38150496303275955,0.6,4,0.02,600,0.5,0.4,15,0.1,30.0,5.0,1
0.11696128133375097,0.3640732265446224,0.6903230084304254,0.6,6,0.08,600,1.0,0.8,20,0.5,0.1,0.1,5
0.1166926074375467,0.3274752097635393,0.8467429443173151,2.0,6,0.01,600,0.9,1.0,3,0.0,3.0,0.0,3
0.1166367477000961,0.3327536231884058,0.8423741792674354,0.4,8,0.02,600,0.9,0.8,1,0.0,1.0,1.0,5
0.11604280465500008,0.35360793287566744,0.8166173105397764,1.5,5,0.03,600,0.5,0.3,6,2.0,30.0,0.0,5
0.11602066862247859,0.3431884057971014,0.7691112905879361,1.5,10,0.2,600,0.8,0.3,20,5.0,30.0,5.0,5
0.1158887333547967,0.35360793287566744,0.712571853048364,1.5,4,0.12,600,0.6,0.6,30,10.0,10.0,0.1,1
0.11586078409607821,0.3588558352402746,0.591404555720076,1.0,2,0.02,600,0.6,0.8,10,0.1,1.0,5.0,1
0.1157288295749834,0.3519145690312738,0.5261220043572985,0.4,6,0.12,600,0.8,1.0,20,5.0,30.0,0.1,0
0.11550326011388168,0.32225781845919144,0.8331817751255091,0.4,10,0.03,600,0.7,1.0,1,0.5,1.0,0.5,1
0.11506470988371442,0.35014492753623183,0.36585478330666105,0.4,6,0.08,600,0.7,0.3,6,5.0,100.0,1.0,0
0.11466009278718307,0.33449275362318837,0.813566354077863,1.0,4,0.08,600,0.9,0.4,10,2.0,0.1,0.5,1
0.11406577312150068,0.3431578947368421,0.7435098188779709,1.5,4,0.01,600,0.8,0.8,6,0.5,100.0,0.5,5
0.11380681242672193,0.3205339435545385,0.23815248550475365,0.15,2,0.05,600,1.0,0.3,10,10.0,1.0,0.0,5
0.11366898310337223,0.33969488939740655,0.26301022519356076,0.15,3,0.08,600,0.9,0.6,20,2.0,3.0,0.1,5
0.11346231110936993,0.3240122044241037,0.8518840579710144,0.8,10,0.2,600,1.0,0.4,3,0.0,3.0,0.5,5
0.11340781826730864,0.34842105263157896,0.5710059676044331,1.0,2,0.12,600,0.5,0.6,10,0.0,1.0,0.0,0
0.11335702758779682,0.34840579710144925,0.4925640757192783,0.25,10,0.02,600,0.9,1.0,10,0.0,100.0,0.1,0
0.11269870943007405,0.3326926010678871,0.49602927466435337,0.25,4,0.2,600,0.8,1.0,3,2.0,10.0,1.0,5
0.11217129275952806,0.36581235697940506,0.5043610874301412,0.4,6,0.03,600,0.6,1.0,20,0.5,10.0,1.0,0
0.1115209719055873,0.33966437833714724,0.6463849877606777,0.6,4,0.2,600,0.6,1.0,10,2.0,1.0,0.1,3
0.10965476120790876,0.337955758962624,0.8318297662314353,2.0,5,0.2,600,0.6,0.3,3,0.0,10.0,0.5,1
0.10827212003682592,0.36762776506483597,0.38672434852405235,0.4,2,0.03,600,0.8,0.6,6,0.1,10.0,0.0,0
0.10777497515054076,0.3223188405797101,0.2552119072902489,0.25,3,0.01,600,0.8,0.8,30,0.0,0.1,5.0,5
0.10773065062181517,0.3605644546147979,0.5182951695806723,0.8,5,0.2,600,1.0,0.6,3,2.0,100.0,5.0,1
0.10699624112579578,0.3536384439359267,0.32882552359870976,0.6,8,0.02,600,0.8,0.4,6,0.0,100.0,5.0,3
0.1066989937637711,0.337955758962624,0.739983049410967,0.8,4,0.2,600,0.7,0.4,10,0.0,1.0,0.1,0
0.10668588196928278,0.3257971014492754,0.8441018431272841,0.4,10,0.03,600,0.8,0.6,1,0.1,3.0,0.1,5
0.10637867468898668,0.35533180778032036,0.2787021831361581,0.25,2,0.08,600,0.8,0.6,3,10.0,100.0,1.0,5
0.10564809534445163,0.34836003051106024,0.7452194852006402,1.5,4,0.08,600,0.5,1.0,20,0.1,10.0,5.0,1
0.10455212376026857,0.3466666666666666,0.4276955674209679,0.4,4,0.01,600,0.9,1.0,30,0.1,30.0,0.5,5
0.10447602924978491,0.3292448512585812,0.20816719263347344,0.4,5,0.12,600,0.6,0.4,50,5.0,1.0,5.0,0
0.10418523072369226,0.32225781845919144,0.8510431093362847,1.5,5,0.2,600,0.9,0.3,3,0.1,1.0,0.0,5
0.10411686454196575,0.3536231884057971,0.3871886949542085,0.6,4,0.02,600,0.6,0.8,50,5.0,30.0,0.1,3
0.10262485712711958,0.30140350877192984,0.15716955075953595,0.15,6,0.03,600,0.9,0.4,50,10.0,30.0,0.1,0
0.10262044448279266,0.3396796338672769,0.30402701126217074,0.6,3,0.01,600,0.8,0.6,30,2.0,100.0,0.5,5
0.10192854238103106,0.31879481311975594,0.2538923039340323,0.25,4,0.02,600,0.7,1.0,50,0.0,30.0,0.1,5
0.10174744896464354,0.3431426392067124,0.2869602109849788,0.25,8,0.05,600,0.7,0.8,30,5.0,100.0,1.0,3
0.09978589284019149,0.32575133485888635,0.27350498297462894,0.15,3,0.08,600,0.7,1.0,6,10.0,30.0,0.1,3
0.09540779816797915,0.32050343249427915,0.17772986743642283,0.4,3,0.02,600,0.5,0.3,30,10.0,10.0,2.0,0
0.09532375032375032,0.315301296720061,0.8061477792235634,1.5,8,0.2,600,0.5,0.8,6,0.0,0.1,0.5,0
0.09513641461605263,0.3222273073989321,0.29224630202958374,0.15,8,0.08,600,1.0,0.6,1,5.0,100.0,1.0,3
0.09285399261107763,0.33278413424866515,0.3488313067408504,0.15,3,0.03,600,0.7,1.0,3,0.5,3.0,0.5,3
0.09091592207976026,0.31008390541571323,0.8223459615221629,1.5,10,0.2,600,0.5,0.6,3,0.5,0.1,0.1,1
0.08518558527727378,0.2769488939740656,0.11933922615575596,0.15,4,0.2,600,0.5,0.8,15,0.1,30.0,5.0,1
0.08457236328277053,0.30483600305110603,0.23958675461031093,0.15,5,0.02,600,0.8,1.0,3,10.0,30.0,2.0,3
0.07969180392257316,0.3240122044241037,0.22732150780474916,0.15,10,0.03,600,0.7,1.0,15,10.0,3.0,1.0,0
0.07941390602024086,0.29264683447749806,0.15722498915660849,0.15,6,0.02,600,0.5,0.8,20,10.0,10.0,1.0,5
0.04674351910955864,0.2473379099923722,0.05623003943504684,0.15,4,0.02,600,0.5,0.4,30,0.5,100.0,5.0,1
0.042025867632430276,0.2299313501144165,0.04881979031124273,0.15,2,0.02,600,0.5,0.3,20,10.0,100.0,5.0,3
