nganh_hoc,longstring,irv,mahalanobis_d2,vuot_longstring,vuot_irv,vuot_mahalanobis,so_vi_pham,bi_loai
Công nghệ thông tin,2,0.9219544457292888,10.396682529654845,0,0,0,0,0
Công nghệ thông tin,3,1.044030650891055,5.931368381434496,0,0,0,0,0
Công nghệ thông tin,10,0.0,0.8329679811025518,1,1,0,2,1
Quản trị dịch vụ du lịch và lữ hành,2,0.7745966692414834,18.034517231959434,0,0,0,0,0
Tài chính ngân hàng,5,0.8000000000000002,7.588800239192601,0,0,0,0,0
Thương mại điện tử,4,0.8000000000000002,6.042614692578056,0,0,0,0,0
Công nghệ thông tin,4,0.5385164807134505,2.557370592649699,0,0,0,0,0
Quản trị kinh doanh,3,0.5385164807134505,2.964885089830832,0,0,0,0,0
Quản trị kinh doanh,3,0.9797958971132713,12.231979089871897,0,0,0,0,0
Khoa học dinh dưỡng và ẩm thực,10,0.0,11.995187939679855,1,1,0,2,1
Marketing,3,0.9433981132056604,13.73984710657839,0,0,0,0,0
Marketing,3,0.6324555320336759,5.5917445319165715,0,0,0,0,0
Tài chính ngân hàng,5,0.6,4.681197256707298,0,0,0,0,0
Luật kinh tế,2,0.8717797887081347,7.232033315870552,0,0,0,0,0
Tài chính ngân hàng,4,0.39999999999999997,2.5261024087793835,0,0,0,0,0
Tài chính ngân hàng,10,0.0,5.258607074317781,1,1,0,2,1
Kế toán,10,0.0,5.258607074317781,1,1,0,2,1
Tài chính ngân hàng,2,0.8,7.816682916575942,0,0,0,0,0
Kế toán,3,0.7,5.261177137101212,0,0,0,0,0
Thương mại điện tử,5,1.5652475842498528,13.052592896019046,0,0,0,0,0
Công nghệ thông tin,2,1.3,7.235915362190855,0,0,0,0,0
Công nghệ thông tin,2,1.3,7.235915362190855,0,0,0,0,0
Quản lý tài nguyên và môi trường,5,0.9797958971132712,17.394693075670606,0,0,0,0,0
Tài chính ngân hàng,6,0.45825756949558405,3.710300199262047,0,0,0,0,0
Luật kinh tế,10,0.0,5.258607074317781,1,1,0,2,1
Tài chính ngân hàng,7,0.3,1.230749075990996,0,0,0,0,0
Thương mại điện tử,7,0.6403124237432848,13.753001514282925,0,0,0,0,0
Thương mại điện tử,5,0.3,3.000995482160772,0,0,0,0,0
Đảm bảo chất lượng và an toàn thực phẩm,2,0.9797958971132712,9.479536029360002,0,0,0,0,0
Công nghệ kỹ thuật điều khiển và TĐH,1,1.2041594578792296,10.684328590063199,0,0,0,0,0
Trí tuệ nhân tạo,2,1.469693845669907,10.11162762096905,0,0,0,0,0
Ngôn ngữ Anh,2,1.1357816691600546,16.4107249558649,0,0,0,0,0
Công nghệ chế biến thủy sản,3,0.8944271909999159,8.71483785853834,0,0,0,0,0
Công nghệ thực phẩm,3,0.9,8.106188763161846,0,0,0,0,0
Công nghệ chế tạo máy,4,1.3,10.29107523967782,0,0,0,0,0
Ngôn ngữ Trung Quốc,2,1.3,16.587315839393966,0,0,0,0,0
Kinh doanh quốc tế,2,1.2206555615733703,8.45307784921668,0,0,0,0,0
Công nghệ kỹ thuật điều khiển và TĐH,2,1.374772708486752,11.90327632528637,0,0,0,0,0
Kỹ thuật nhiệt,3,0.9165151389911681,6.606218378529721,0,0,0,0,0
Công nghệ kỹ thuật hóa học,7,1.2806248474865698,13.449917963209884,0,0,0,0,0
Công nghệ thông tin,2,0.6,4.1509979054029476,0,0,0,0,0
Công nghệ kỹ thuật điện - điện tử,7,0.3,1.230749075990996,0,0,0,0,0
Công nghệ kỹ thuật cơ điện tử,8,0.8,9.210725927864518,0,0,0,0,0
Công nghệ kỹ thuật điện - điện tử,2,1.284523257866513,16.21627306227522,0,0,0,0,0
Công nghệ kỹ thuật điện - điện tử,10,0.0,0.8329679811025518,1,1,0,2,1
Công nghệ kỹ thuật điện - điện tử,5,0.5385164807134505,5.937895160040088,0,0,0,0,0
Công nghệ chế tạo máy,3,1.7435595774162693,20.165029788496312,0,0,0,0,0
Quản trị nhà hàng và dịch vụ ăn uống,2,1.2806248474865698,15.48288939808358,0,0,0,0,0
Kế toán,2,1.469693845669907,15.052555040045824,0,0,0,0,0
Khoa học dinh dưỡng và ẩm thực,2,0.8944271909999159,8.413536719065437,0,0,0,0,0
Ngôn ngữ Anh,2,1.1135528725660042,11.467396892401533,0,0,0,0,0
Quản trị khách sạn,5,0.9165151389911681,10.98782025062359,0,0,0,0,0
Trí tuệ nhân tạo,3,1.2806248474865698,11.064895947126855,0,0,0,0,0
An toàn thông tin,3,1.3,12.601272326257522,0,0,0,0,0
Kỹ thuật nhiệt,1,1.4177446878757827,9.27019947714809,0,0,0,0,0
Ngôn ngữ Trung Quốc,3,1.3,16.87862346938218,0,0,0,0,0
Công nghệ kỹ thuật điện - điện tử,3,1.2688577540449522,11.642018236827068,0,0,0,0,0
Công nghệ kỹ thuật điện - điện tử,6,1.2206555615733703,15.953031293745655,0,0,0,0,0
Công nghệ thực phẩm,4,0.8000000000000002,7.0344401716668505,0,0,0,0,0
Luật kinh tế,2,1.1,18.26308469818017,0,0,0,0,0
Luật kinh tế,3,0.7,4.541687002144147,0,0,0,0,0
Công nghệ thông tin,5,1.2806248474865698,15.223370134691061,0,0,0,0,0
Công nghệ thông tin,4,0.6708203932499369,6.09900327040407,0,0,0,0,0
Công nghệ thông tin,6,0.7745966692414834,5.465784407011916,0,0,0,0,0
Công nghệ thông tin,6,0.39999999999999997,2.27693486471145,0,0,0,0,0
Công nghệ thông tin,4,0.8717797887081347,10.47108934449242,0,0,0,0,0
Công nghệ thông tin,2,0.6403124237432849,4.580417579313828,0,0,0,0,0
Công nghệ thông tin,5,0.5385164807134505,4.126295704436323,0,0,0,0,0
An toàn thông tin,4,0.8,7.654899940435316,0,0,0,0,0
Quản trị dịch vụ du lịch và lữ hành,10,0.0,5.258607074317781,1,1,0,2,1
Công nghệ kỹ thuật điều khiển và TĐH,3,1.2806248474865698,25.448382269473107,0,0,0,0,0
Công nghệ thông tin,2,0.7810249675906654,7.083559895440453,0,0,0,0,0
Công nghệ kỹ thuật hóa học,3,0.5385164807134505,6.251798200727606,0,0,0,0,0
Công nghệ kỹ thuật hóa học,8,0.9,7.329011581921118,0,0,0,0,0
Logistics và quản lý chuỗi cung ứng,1,1.1,17.595555552110078,0,0,0,0,0
Quản trị kinh doanh,2,0.8944271909999159,8.567717153583548,0,0,0,0,0
Thương mại điện tử,2,1.2688577540449522,14.208936918367275,0,0,0,0,0
Công nghệ kỹ thuật điện - điện tử,3,0.8717797887081347,11.820697887828185,0,0,0,0,0
Công nghệ kỹ thuật điều khiển và TĐH,2,1.4317821063276353,26.012066583832848,0,0,0,0,0
Công nghệ thực phẩm,4,0.7810249675906654,7.243877841885181,0,0,0,0,0
Công nghệ thông tin,6,0.7483314773547882,4.621919268842957,0,0,0,0,0
Ngôn ngữ Anh,3,0.6708203932499369,5.932225388180244,0,0,0,0,0
An toàn thông tin,3,0.6633249580710799,10.488863251846137,0,0,0,0,0
Ngôn ngữ Anh,2,0.9219544457292888,10.673241870866054,0,0,0,0,0
Ngôn ngữ Anh,3,0.48989794855663565,4.000071321032934,0,0,0,0,0
Ngôn ngữ Anh,2,0.7999999999999999,6.9387752274879535,0,0,0,0,0
Ngôn ngữ Anh,3,0.7,7.108293442923653,0,0,0,0,0
Ngôn ngữ Anh,2,1.4317821063276353,26.9279174585189,0,0,0,0,0
Công nghệ kỹ thuật hóa học,2,1.0,11.303119227141197,0,0,0,0,0
Khoa học dữ liệu,2,1.1,6.786892215660292,0,0,0,0,0
Tài chính ngân hàng,5,1.32664991614216,10.191893480722994,0,0,0,0,0
Quản lý tài nguyên và môi trường,3,0.9,9.54685677155377,0,0,0,0,0
Công nghệ kỹ thuật hóa học,2,0.7810249675906654,8.33861253989855,0,0,0,0,0
Khoa học chế biến món ăn,2,1.3453624047073711,15.324111822554002,0,0,0,0,0
Công nghệ kỹ thuật điều khiển và TĐH,3,0.9165151389911681,5.940992506264456,0,0,0,0,0
Quản trị khách sạn,2,1.3564659966250536,16.81082567430935,0,0,0,0,0
Quản trị dịch vụ du lịch và lữ hành,4,1.004987562112089,10.434581732749017,0,0,0,0,0
Trí tuệ nhân tạo,2,1.5362291495737217,12.345315882367137,0,0,0,0,0
Thương mại điện tử,4,0.8717797887081347,6.7751984045838975,0,0,0,0,0
Quản lý Công nghiệp,2,1.1661903789690602,9.837445686536832,0,0,0,0,0
Kế toán,2,1.2,10.37128507233767,0,0,0,0,0
Công nghệ sinh học,3,1.3416407864998738,17.39570451278707,0,0,0,0,0
Luật,3,1.7204650534085253,25.003206526848142,0,0,0,0,0
Quản lý Công nghiệp,2,1.4000000000000001,13.178065788287897,0,0,0,0,0
Khoa học chế biến món ăn,2,1.2206555615733703,16.31792085551858,0,0,0,0,0
Quản trị dịch vụ du lịch và lữ hành,2,1.2041594578792296,13.670595215992256,0,0,0,0,0
Ngôn ngữ Anh,2,1.3,19.116431391001182,0,0,0,0,0
Công nghệ kỹ thuật cơ điện tử,2,1.4142135623730951,10.664685236496,0,0,0,0,0
Công nghệ thông tin,3,0.7483314773547882,14.020020611823535,0,0,0,0,0
Marketing,1,0.7745966692414834,5.180945098307083,0,0,0,0,0
Marketing,2,1.2688577540449522,14.684263596294281,0,0,0,0,0
Logistics và quản lý chuỗi cung ứng,2,0.6,6.095972948255648,0,0,0,0,0
Công nghệ thông tin,3,0.7483314773547882,6.542560926355101,0,0,0,0,0
Công nghệ tài chính,2,1.445683229480096,11.983879060800996,0,0,0,0,0
Khoa học dinh dưỡng và ẩm thực,3,1.3,17.11194627944724,0,0,0,0,0
Du lịch,3,1.004987562112089,6.84339359562182,0,0,0,0,0
Công nghệ kỹ thuật điều khiển và TĐH,3,1.2806248474865698,11.064895947126855,0,0,0,0,0
Công nghệ tài chính,2,1.2806248474865698,12.654928189170626,0,0,0,0,0
Công nghệ kỹ thuật điện - điện tử,5,1.32664991614216,11.322440040158165,0,0,0,0,0
Khoa học dữ liệu,3,1.2041594578792296,5.584913193751612,0,0,0,0,0
Công nghệ kỹ thuật cơ điện tử,2,1.42828568570857,15.880391362365586,0,0,0,0,0
Công nghệ tài chính,2,1.1661903789690602,9.063943995212927,0,0,0,0,0
Quản trị kinh doanh thực phẩm,2,1.0,9.76360564202303,0,0,0,0,0
Công nghệ thông tin,3,0.66332495807108,5.993738531827961,0,0,0,0,0
Khoa học chế biến món ăn,3,1.268857754044952,23.122118445026636,0,0,0,0,0
Công nghệ thực phẩm,10,0.0,0.8329679811025518,1,1,0,2,1
Đảm bảo chất lượng và an toàn thực phẩm,6,0.48989794855663565,2.280376065450266,0,0,0,0,0
Công nghệ kỹ thuật điều khiển và TĐH,3,1.1874342087037917,14.505126405832824,0,0,0,0,0
Công nghệ thực phẩm,1,0.9,7.8433961945507775,0,0,0,0,0
Công nghệ thông tin,8,0.7,4.480891448880658,0,0,0,0,0
Kỹ thuật nhiệt,3,0.9,10.621792328351198,0,0,0,0,0
Kỹ thuật nhiệt,10,0.0,5.258607074317781,1,1,0,2,1
Kế toán,4,0.6708203932499369,5.384428345205843,0,0,0,0,0
Tài chính ngân hàng,3,0.8717797887081347,9.095441626815093,0,0,0,0,0
Kỹ thuật nhiệt,2,1.118033988749895,18.913241718873323,0,0,0,0,0
Tài chính ngân hàng,3,0.9165151389911681,11.338948949970122,0,0,0,0,0
Công nghệ tài chính,10,0.0,11.995187939679855,1,1,0,2,1
Công nghệ tài chính,3,1.3,21.55761526547842,0,0,0,0,0
Công nghệ thông tin,2,0.806225774829855,7.065022256285928,0,0,0,0,0
Kỹ thuật nhiệt,3,1.1661903789690602,16.97900596797307,0,0,0,0,0
Công nghệ thông tin,4,0.6,5.464396860124951,0,0,0,0,0
Công nghệ thông tin,7,0.3,3.1697111384248298,0,0,0,0,0
Công nghệ tài chính,10,0.0,0.8329679811025518,1,1,0,2,1
Công nghệ tài chính,10,0.0,5.258607074317781,1,1,0,2,1
Công nghệ tài chính,2,1.1135528725660044,17.05749685971989,0,0,0,0,0
Kế toán,10,0.0,0.8329679811025518,1,1,0,2,1
Công nghệ tài chính,3,0.806225774829855,11.504756165146542,0,0,0,0,0
Kế toán,3,0.9165151389911681,10.500506706754964,0,0,0,0,0
Kế toán,2,0.7745966692414834,6.218161164402529,0,0,0,0,0
Công nghệ sinh học,3,1.1661903789690602,11.12583546972515,0,0,0,0,0
Công nghệ thực phẩm,2,0.6,4.815861964316115,0,0,0,0,0
Công nghệ sinh học,2,0.7000000000000001,6.8493704483377575,0,0,0,0,0
Quản trị kinh doanh thực phẩm,10,0.0,11.995187939679855,1,1,0,2,1
Quản trị kinh doanh thực phẩm,9,0.3,1.261384295976569,0,0,0,0,0
Ngôn ngữ Anh,2,0.48989794855663565,3.181955674059704,0,0,0,0,0
Công nghệ sinh học,2,0.7,4.1819629549576725,0,0,0,0,0
Công nghệ sinh học,5,0.8306623862918073,6.682547727170046,0,0,0,0,0
Công nghệ vật liệu,3,0.9165151389911681,11.591219598253934,0,0,0,0,0
Công nghệ kỹ thuật điện - điện tử,7,0.39999999999999997,2.338774787637134,0,0,0,0,0
Công nghệ sinh học,9,0.3,1.8917831128624008,0,0,0,0,0
Công nghệ kỹ thuật điện - điện tử,3,1.004987562112089,6.3654841875709955,0,0,0,0,0
Công nghệ sinh học,2,1.1357816691600549,16.078054166478992,0,0,0,0,0
Công nghệ sinh học,3,1.1357816691600546,11.027436141728755,0,0,0,0,0
Công nghệ thực phẩm,2,0.8717797887081347,7.178878818797422,0,0,0,0,0
Công nghệ sinh học,4,0.5,5.080794535642093,0,0,0,0,0
Công nghệ sinh học,6,0.8000000000000002,9.964225316897748,0,0,0,0,0
Công nghệ sinh học,5,0.6,6.562716227523401,0,0,0,0,0
An toàn thông tin,3,1.9000000000000001,31.889789873393276,0,0,1,1,0
Công nghệ sinh học,10,0.0,5.258607074317781,1,1,0,2,1
Kế toán,2,1.4966629547095767,26.368788679442265,0,0,0,0,0
Kế toán,3,0.6633249580710799,6.850401480298765,0,0,0,0,0
Công nghệ kỹ thuật hóa học,10,0.0,5.258607074317781,1,1,0,2,1
Kế toán,10,0.0,0.8329679811025518,1,1,0,2,1
Công nghệ kỹ thuật cơ điện tử,10,0.0,1.0973051462361,1,1,0,2,1
Công nghệ thực phẩm,6,0.48989794855663565,2.280376065450266,0,0,0,0,0
Công nghệ thực phẩm,7,0.9165151389911681,9.89075479142124,0,0,0,0,0
Quản trị dịch vụ du lịch và lữ hành,4,0.45825756949558405,1.9451049455076155,0,0,0,0,0
Kế toán,8,0.3,1.9875575373100136,0,0,0,0,0
Kế toán,3,0.7000000000000001,8.604490956785767,0,0,0,0,0
Kế toán,2,1.4,17.43105500870364,0,0,0,0,0
Ngôn ngữ Trung Quốc,6,0.48989794855663565,3.586727243117773,0,0,0,0,0
Quản trị dịch vụ du lịch và lữ hành,6,0.9797958971132715,5.540666888708866,0,0,0,0,0
Kế toán,1,1.2,18.66134591456513,0,0,0,0,0
Kế toán,2,1.118033988749895,17.206428325756413,0,0,0,0,0
Công nghệ thông tin,5,0.9165151389911679,10.014049941331159,0,0,0,0,0
Công nghệ thực phẩm,4,0.8,7.580721599220901,0,0,0,0,0
Ngôn ngữ Trung Quốc,3,0.6708203932499369,5.511307178372263,0,0,0,0,0
Ngôn ngữ Trung Quốc,10,0.0,0.8329679811025518,1,1,0,2,1
Quản trị kinh doanh thực phẩm,10,0.0,1.0973051462361,1,1,0,2,1
Quản trị kinh doanh thực phẩm,2,0.7810249675906654,7.069501567273441,0,0,0,0,0
Quản trị kinh doanh thực phẩm,3,0.66332495807108,10.239114951236083,0,0,0,0,0
Luật kinh tế,5,0.45825756949558405,1.804377881463223,0,0,0,0,0
Luật kinh tế,8,0.4472135954999579,2.3297716307875587,0,0,0,0,0
Kế toán,3,0.6,3.589811944441033,0,0,0,0,0
Ngôn ngữ Trung Quốc,3,0.6324555320336759,6.646151399853563,0,0,0,0,0
Công nghệ thực phẩm,2,0.48989794855663565,4.467418982578601,0,0,0,0,0
Quản trị dịch vụ du lịch và lữ hành,10,0.0,5.258607074317781,1,1,0,2,1
Ngôn ngữ Anh,5,0.6403124237432849,7.700724198647224,0,0,0,0,0
Ngôn ngữ Anh,10,0.0,1.0973051462361,1,1,0,2,1
Công nghệ kỹ thuật hóa học,2,0.9219544457292888,11.248648786988813,0,0,0,0,0
Quản trị dịch vụ du lịch và lữ hành,4,0.5,3.301294638230099,0,0,0,0,0
Công nghệ vật liệu,2,0.66332495807108,6.917388593126075,0,0,0,0,0
Khoa học dữ liệu,2,0.8,12.829057375802323,0,0,0,0,0
Ngôn ngữ Trung Quốc,3,0.8306623862918073,6.0751711651252425,0,0,0,0,0
Khoa học dữ liệu,3,1.2489995996796797,15.509986372190523,0,0,0,0,0
Kế toán,1,1.0,11.984147324133682,0,0,0,0,0
Ngôn ngữ Trung Quốc,4,1.3,18.839883171187143,0,0,0,0,0
Kế toán,3,1.374772708486752,16.53701131996757,0,0,0,0,0
Kế toán,2,0.7483314773547882,7.3986051378318916,0,0,0,0,0
Quản trị dịch vụ du lịch và lữ hành,10,0.0,5.258607074317781,1,1,0,2,1
Quản trị dịch vụ du lịch và lữ hành,10,0.0,5.258607074317781,1,1,0,2,1
Công nghệ thông tin,4,0.66332495807108,7.8447530105811465,0,0,0,0,0
Công nghệ kỹ thuật hóa học,2,0.8717797887081347,11.693104497118203,0,0,0,0,0
Kỹ thuật nhiệt,5,0.66332495807108,10.581992049019199,0,0,0,0,0
Marketing,3,0.5,3.3466759414794214,0,0,0,0,0
Kinh doanh thời trang và dệt may,2,0.6403124237432849,5.429932789190166,0,0,0,0,0
Kinh doanh thời trang và dệt may,5,0.5385164807134504,4.354486800856503,0,0,0,0,0
Kinh doanh thời trang và dệt may,5,1.2041594578792296,12.25372631249183,0,0,0,0,0
Kinh doanh thời trang và dệt may,3,0.7,7.715418550193485,0,0,0,0,0
Kỹ thuật nhiệt,5,0.6708203932499369,5.624681516674949,0,0,0,0,0
Công nghệ thông tin,3,0.8000000000000002,8.444515041687858,0,0,0,0,0
Công nghệ kỹ thuật hóa học,10,0.0,5.258607074317781,1,1,0,2,1
Công nghệ thông tin,2,1.3564659966250536,18.560892437264048,0,0,0,0,0
Kế toán,2,1.0770329614269007,13.299045742273707,0,0,0,0,0
Kế toán,2,1.1661903789690602,14.912506244892107,0,0,0,0,0
Kinh doanh quốc tế,10,0.0,5.258607074317781,1,1,0,2,1
Kỹ thuật nhiệt,2,0.9797958971132713,11.200684364756423,0,0,0,0,0
Kế toán,3,0.6403124237432849,5.963105725066992,0,0,0,0,0
Công nghệ thực phẩm,4,1.4866068747318506,33.644878877609194,0,0,1,1,0
Công nghệ thực phẩm,2,0.6403124237432849,4.863198333679311,0,0,0,0,0
Công nghệ thực phẩm,2,0.6633249580710799,10.22830145564863,0,0,0,0,0
Công nghệ thực phẩm,3,0.6708203932499369,4.984048847910871,0,0,0,0,0
Công nghệ thực phẩm,3,0.6324555320336759,9.71774270693156,0,0,0,0,0
Công nghệ thực phẩm,3,0.7810249675906654,8.123491359549753,0,0,0,0,0
Công nghệ thực phẩm,3,1.16619037896906,16.715371468791098,0,0,0,0,0
Kinh doanh quốc tế,3,0.45825756949558405,3.9584143551523954,0,0,0,0,0
Ngôn ngữ Trung Quốc,2,0.6403124237432849,4.677947549645463,0,0,0,0,0
Công nghệ thực phẩm,4,0.6403124237432849,5.955243041779482,0,0,0,0,0
Công nghệ thực phẩm,2,0.9219544457292888,9.08994279950757,0,0,0,0,0
Công nghệ thực phẩm,4,0.48989794855663565,3.826079741461913,0,0,0,0,0
Công nghệ sinh học,3,0.7810249675906654,8.849468668200569,0,0,0,0,0
Công nghệ sinh học,2,1.2806248474865698,23.107272216106633,0,0,0,0,0
Công nghệ kỹ thuật hóa học,4,0.6633249580710799,6.0151204152728655,0,0,0,0,0
Công nghệ kỹ thuật hóa học,2,0.9433981132056604,12.69664765286017,0,0,0,0,0
Công nghệ thực phẩm,2,0.6403124237432849,3.7803853371298146,0,0,0,0,0
Công nghệ thực phẩm,4,1.077032961426901,11.000574248795209,0,0,0,0,0
Công nghệ thực phẩm,2,1.044030650891055,10.671567888603956,0,0,0,0,0
Công nghệ kỹ thuật điều khiển và TĐH,2,1.1874342087037917,19.64387738256855,0,0,0,0,0
Công nghệ chế biến thủy sản,10,0.0,5.258607074317781,1,1,0,2,1
Công nghệ thực phẩm,4,0.8306623862918076,6.189466972689341,0,0,0,0,0
Tài chính ngân hàng,10,0.0,5.258607074317781,1,1,0,2,1
Tài chính ngân hàng,3,0.48989794855663565,3.870369462146228,0,0,0,0,0
Công nghệ sinh học,6,0.9219544457292888,6.315336835668449,0,0,0,0,0
Luật kinh tế,3,0.8306623862918076,7.411559759598423,0,0,0,0,0
Luật kinh tế,3,1.4866068747318504,23.612524735450606,0,0,0,0,0
Công nghệ thực phẩm,9,0.29999999999999993,3.1893831688445213,0,0,0,0,0
Công nghệ thực phẩm,7,0.45825756949558405,2.878588821719659,0,0,0,0,0
Tài chính ngân hàng,3,0.45825756949558405,6.869875609494759,0,0,0,0,0
Công nghệ kỹ thuật hóa học,10,0.0,5.258607074317781,1,1,0,2,1
Ngôn ngữ Anh,10,0.0,0.8329679811025518,1,1,0,2,1
Công nghệ thông tin,9,0.3,1.261384295976569,0,0,0,0,0
Công nghệ kỹ thuật cơ điện tử,6,0.4898979485566356,6.636326328596372,0,0,0,0,0
Công nghệ kỹ thuật hóa học,7,0.7,4.409261346232384,0,0,0,0,0
Công nghệ thực phẩm,5,0.66332495807108,7.594711781008586,0,0,0,0,0
Công nghệ tài chính,10,0.0,5.258607074317781,1,1,0,2,1
Công nghệ tài chính,10,0.0,0.8329679811025518,1,1,0,2,1
Công nghệ tài chính,10,0.0,5.258607074317781,1,1,0,2,1
Công nghệ tài chính,6,1.1357816691600546,10.152119576292783,0,0,0,0,0
Kế toán,3,1.4317821063276353,24.040685416318716,0,0,0,0,0
Công nghệ thực phẩm,3,0.8944271909999159,11.263670092076007,0,0,0,0,0
Công nghệ chế biến thủy sản,4,0.9797958971132713,11.688843048994299,0,0,0,0,0
Công nghệ chế tạo máy,10,0.0,0.8329679811025518,1,1,0,2,1
Công nghệ thực phẩm,3,0.48989794855663565,7.380533305038465,0,0,0,0,0
Công nghệ kỹ thuật cơ điện tử,5,0.3,1.4721714294952821,0,0,0,0,0
Công nghệ tài chính,10,0.0,0.8329679811025518,1,1,0,2,1
Công nghệ kỹ thuật hóa học,8,0.7,3.0048576721081717,0,0,0,0,0
Tài chính ngân hàng,2,1.1,14.73456231740217,0,0,0,0,0
Công nghệ kỹ thuật hóa học,4,0.6403124237432849,6.678663614865951,0,0,0,0,0
Thương mại điện tử,1,0.7483314773547882,11.375627488721983,0,0,0,0,0
Thương mại điện tử,1,1.0,17.529649605260108,0,0,0,0,0
Ngôn ngữ Trung Quốc,4,1.4866068747318506,28.595083921890073,0,0,0,0,0
Thương mại điện tử,9,1.2,15.872922779295472,0,0,0,0,0
Công nghệ tài chính,4,0.9433981132056604,12.820901795371025,0,0,0,0,0
Công nghệ sinh học,2,0.7483314773547882,8.7387848341108,0,0,0,0,0
Công nghệ thực phẩm,2,1.2206555615733703,16.29950776338297,0,0,0,0,0
Công nghệ sinh học,4,0.7,5.953554174175174,0,0,0,0,0
Quản trị kinh doanh,1,1.1874342087037917,13.915367379086444,0,0,0,0,0
Marketing,2,1.2649110640673518,19.69494336909304,0,0,0,0,0
Marketing,2,0.7,6.103092001370589,0,0,0,0,0
Quản trị nhà hàng và dịch vụ ăn uống,2,1.1135528725660042,10.287446314824312,0,0,0,0,0
Công nghệ sinh học,10,0.0,1.0973051462361,1,1,0,2,1
Công nghệ sinh học,7,0.39999999999999997,2.3760815588293216,0,0,0,0,0
Công nghệ sinh học,10,0.0,5.258607074317781,1,1,0,2,1
Quản trị nhà hàng và dịch vụ ăn uống,5,0.6633249580710799,9.026056975647789,0,0,0,0,0
Thương mại điện tử,6,0.39999999999999997,1.7366175550342122,0,0,0,0,0
Quản trị dịch vụ du lịch và lữ hành,3,1.004987562112089,10.420397652735153,0,0,0,0,0
Công nghệ kỹ thuật cơ điện tử,5,1.4142135623730951,24.83788733401488,0,0,0,0,0
Công nghệ kỹ thuật điện - điện tử,2,0.7000000000000001,7.604016764828375,0,0,0,0,0
Công nghệ thực phẩm,4,0.66332495807108,3.031980001762749,0,0,0,0,0
Quản trị khách sạn,2,1.284523257866513,15.390287763971921,0,0,0,0,0
Công nghệ vật liệu,4,0.9433981132056604,11.965841643111254,0,0,0,0,0
Kinh doanh quốc tế,3,1.469693845669907,13.978894021086361,0,0,0,0,0
Kinh doanh thời trang và dệt may,2,0.9433981132056604,10.63179012344516,0,0,0,0,0
An toàn thông tin,3,1.4177446878757827,12.984607285342591,0,0,0,0,0
Quản trị dịch vụ du lịch và lữ hành,2,1.2806248474865698,17.06358614413559,0,0,0,0,0
Quản trị khách sạn,2,1.2,10.729607938001973,0,0,0,0,0
Du lịch,3,0.9219544457292888,5.210054656661,0,0,0,0,0
Quản lý Công nghiệp,3,1.3453624047073711,10.055944106050868,0,0,0,0,0
Quản trị dịch vụ du lịch và lữ hành,2,0.9219544457292888,9.741597466027962,0,0,0,0,0
Tài chính ngân hàng,2,1.019803902718557,8.007870523126028,0,0,0,0,0
Công nghệ kỹ thuật điều khiển và TĐH,2,1.5491933384829668,12.081800858431508,0,0,0,0,0
Công nghệ kỹ thuật cơ điện tử,3,1.8000000000000003,21.09265967298243,0,0,0,0,0
Quản trị kinh doanh,3,1.4696938456699067,12.11444603974337,0,0,0,0,0
Quản trị nhà hàng và dịch vụ ăn uống,2,1.019803902718557,10.977531981943308,0,0,0,0,0
Công nghệ sinh học,3,1.044030650891055,10.86217552791301,0,0,0,0,0
Quản trị kinh doanh thực phẩm,2,1.0,10.150073432974638,0,0,0,0,0
Công nghệ chế biến thủy sản,2,1.0954451150103321,11.750955348978188,0,0,0,0,0
Kinh doanh thời trang và dệt may,1,0.9165151389911681,10.303875666370415,0,0,0,0,0
Quản lý tài nguyên và môi trường,2,1.1357816691600546,18.001939714033877,0,0,0,0,0
Du lịch,3,1.42828568570857,18.322304058024923,0,0,0,0,0
Logistics và quản lý chuỗi cung ứng,2,1.4,13.632944052114695,0,0,0,0,0
Công nghệ vật liệu,3,1.1357816691600546,13.255381607584102,0,0,0,0,0
Kỹ thuật nhiệt,2,1.2649110640673518,9.435960229388774,0,0,0,0,0
Công nghệ kỹ thuật môi trường,3,1.3,16.35342970352331,0,0,0,0,0
Quản trị kinh doanh,3,1.2,10.194911768856953,0,0,0,0,0
Kinh doanh thời trang và dệt may,2,1.2,15.012428350771529,0,0,0,0,0
Công nghệ sinh học,2,0.7483314773547882,6.86027810628868,0,0,0,0,0
Tài chính ngân hàng,6,1.118033988749895,11.555323795668345,0,0,0,0,0
Thương mại điện tử,2,1.2489995996796797,11.445735055264702,0,0,0,0,0
Công nghệ thông tin,10,0.0,5.258607074317781,1,1,0,2,1
Kinh doanh quốc tế,1,1.5132745950421556,25.587320589038818,0,0,0,0,0
Quản trị nhà hàng và dịch vụ ăn uống,3,1.019803902718557,7.6369188642833015,0,0,0,0,0
Kinh doanh thời trang và dệt may,2,1.2806248474865698,23.755741584189348,0,0,0,0,0
Marketing,1,1.2649110640673518,8.913938704770512,0,0,0,0,0
Quản trị dịch vụ du lịch và lữ hành,8,0.9797958971132715,8.153569657995043,0,0,0,0,0
Quản trị dịch vụ du lịch và lữ hành,1,1.4696938456699067,29.761307864353732,0,0,1,1,0
Quản trị dịch vụ du lịch và lữ hành,2,1.0954451150103321,11.153766712415136,0,0,0,0,0
Quản trị dịch vụ du lịch và lữ hành,6,0.39999999999999997,2.27693486471145,0,0,0,0,0
Luật kinh tế,3,1.4000000000000001,25.040568225919074,0,0,0,0,0
Đảm bảo chất lượng và an toàn thực phẩm,2,1.3,13.478960338163535,0,0,0,0,0
Luật kinh tế,10,0.0,5.258607074317781,1,1,0,2,1
Luật,7,0.5385164807134505,3.227258114478905,0,0,0,0,0
"Công nghệ dệt, may",10,0.0,5.258607074317781,1,1,0,2,1
"Công nghệ dệt, may",2,1.5491933384829668,37.34800155568271,0,0,1,1,0
"Công nghệ dệt, may",5,0.7,6.299361409596481,0,0,0,0,0
"Công nghệ dệt, may",3,0.6403124237432849,9.717195812750958,0,0,0,0,0
"Công nghệ dệt, may",6,1.268857754044952,14.11836815038938,0,0,0,0,0
Kinh doanh quốc tế,4,0.7000000000000001,7.3021310751277095,0,0,0,0,0
Marketing,3,1.02469507659596,5.9713070739568845,0,0,0,0,0
Công nghệ kỹ thuật cơ điện tử,10,0.0,5.258607074317781,1,1,0,2,1
Công nghệ kỹ thuật cơ điện tử,8,1.2,11.445409018124778,0,0,0,0,0
Công nghệ kỹ thuật hóa học,2,0.9219544457292888,10.99338000826424,0,0,0,0,0
Công nghệ sinh học,2,0.9797958971132712,14.422961341853272,0,0,0,0,0
Công nghệ kỹ thuật cơ điện tử,4,0.6633249580710798,5.988834018854225,0,0,0,0,0
Marketing,8,0.7999999999999999,8.586993106805677,0,0,0,0,0
Quản trị nhà hàng và dịch vụ ăn uống,3,0.9219544457292888,9.592750899368069,0,0,0,0,0
Công nghệ thực phẩm,10,0.0,5.258607074317781,1,1,0,2,1
Công nghệ thông tin,10,0.0,1.0973051462361,1,1,0,2,1
Khoa học dữ liệu,2,0.9433981132056604,11.868126784466744,0,0,0,0,0
Công nghệ chế tạo máy,3,1.2206555615733705,6.8790331543018155,0,0,0,0,0
Công nghệ thực phẩm,3,1.019803902718557,12.075818110694197,0,0,0,0,0
Công nghệ kỹ thuật hóa học,4,0.48989794855663565,3.372628651812891,0,0,0,0,0
Quản trị kinh doanh,4,0.8717797887081347,7.623478413269872,0,0,0,0,0
Công nghệ thực phẩm,3,0.9,7.016001798743895,0,0,0,0,0
Quản trị kinh doanh,10,0.0,5.258607074317781,1,1,0,2,1
Quản trị kinh doanh,2,1.1,13.130176736142015,0,0,0,0,0
Quản trị kinh doanh,2,1.077032961426901,16.567019358419248,0,0,0,0,0
Công nghệ kỹ thuật môi trường,2,0.8944271909999159,10.924058208075342,0,0,0,0,0
Công nghệ thông tin,5,0.3,1.2012418742556497,0,0,0,0,0
Công nghệ thông tin,3,1.004987562112089,6.134641189402856,0,0,0,0,0
Công nghệ thông tin,5,0.45825756949558405,5.346295251318365,0,0,0,0,0
Quản trị khách sạn,2,0.7810249675906654,6.632541651554965,0,0,0,0,0
Công nghệ thực phẩm,2,0.7483314773547882,6.650525928752518,0,0,0,0,0
Công nghệ thông tin,4,1.2688577540449522,15.600405105450621,0,0,0,0,0
Tài chính ngân hàng,10,0.0,5.258607074317781,1,1,0,2,1
Du lịch,3,0.8,6.695214174007934,0,0,0,0,0
Ngôn ngữ Anh,9,0.29999999999999993,4.52795024203887,0,0,0,0,0
Ngôn ngữ Anh,2,1.4832396974191326,18.125518388011415,0,0,0,0,0
Quản trị khách sạn,2,1.2489995996796797,14.870148198670567,0,0,0,0,0
Thương mại điện tử,4,0.45825756949558405,6.115682224885821,0,0,0,0,0
An toàn thông tin,10,0.0,5.258607074317781,1,1,0,2,1
Đảm bảo chất lượng và an toàn thực phẩm,3,1.2649110640673518,15.377793836128477,0,0,0,0,0
Công nghệ thông tin,4,1.0440306508910548,7.895856636173219,0,0,0,0,0
Marketing,3,0.9,12.388288821367821,0,0,0,0,0
Quản trị kinh doanh,3,0.9433981132056604,15.944269110617324,0,0,0,0,0
Marketing,3,0.8000000000000002,8.361795244694987,0,0,0,0,0
Thương mại điện tử,3,1.4142135623730951,10.979251914821488,0,0,0,0,0
Công nghệ thông tin,3,1.2489995996796797,17.294478633872316,0,0,0,0,0
Công nghệ kỹ thuật điện - điện tử,3,0.7483314773547882,6.709181812728672,0,0,0,0,0
Công nghệ kỹ thuật cơ điện tử,10,0.0,5.258607074317781,1,1,0,2,1
Công nghệ kỹ thuật cơ điện tử,3,0.8,8.985702696157118,0,0,0,0,0
Quản trị nhà hàng và dịch vụ ăn uống,3,0.9219544457292888,6.647501166511792,0,0,0,0,0
Quản trị nhà hàng và dịch vụ ăn uống,2,0.9165151389911681,10.800582137126044,0,0,0,0,0
Khoa học chế biến món ăn,2,0.7,5.329825400140032,0,0,0,0,0
Quản trị nhà hàng và dịch vụ ăn uống,4,0.6324555320336759,4.377392459016092,0,0,0,0,0
Quản trị nhà hàng và dịch vụ ăn uống,2,1.3564659966250536,25.527107754594084,0,0,0,0,0
Du lịch,5,1.118033988749895,11.683090114970065,0,0,0,0,0
Kinh doanh quốc tế,3,0.9433981132056604,9.745984722003152,0,0,0,0,0
Kinh doanh quốc tế,3,0.9219544457292888,7.9753291008470555,0,0,0,0,0
Marketing,2,0.6403124237432849,4.527404145115734,0,0,0,0,0
Công nghệ chế tạo máy,3,1.2041594578792296,9.266270458331043,0,0,0,0,0
Luật kinh tế,3,0.9165151389911681,7.15955248356757,0,0,0,0,0
Ngôn ngữ Anh,5,1.077032961426901,8.92743955319098,0,0,0,0,0
Trí tuệ nhân tạo,2,1.1,7.609888694247876,0,0,0,0,0
Công nghệ thực phẩm,3,0.8,5.32632728104643,0,0,0,0,0
Công nghệ vật liệu,4,0.9797958971132713,12.827808425987868,0,0,0,0,0
Công nghệ kỹ thuật điều khiển và TĐH,4,1.284523257866513,10.075443596619385,0,0,0,0,0
Công nghệ thực phẩm,3,1.044030650891055,11.11212984504056,0,0,0,0,0
Thương mại điện tử,2,1.2206555615733703,7.824299391181571,0,0,0,0,0
Công nghệ kỹ thuật hóa học,3,1.0954451150103321,13.11836511584644,0,0,0,0,0
Quản trị khách sạn,3,1.2688577540449522,16.856364088343373,0,0,0,0,0
Công nghệ kỹ thuật cơ điện tử,3,1.2,9.53888679208768,0,0,0,0,0
Ngôn ngữ Anh,2,1.5362291495737217,23.354065475072897,0,0,0,0,0
Quản lý tài nguyên và môi trường,5,0.7483314773547882,9.80026026809179,0,0,0,0,0
Kế toán,10,0.0,0.8329679811025518,1,1,0,2,1
Logistics và quản lý chuỗi cung ứng,2,1.4142135623730951,12.738485878417967,0,0,0,0,0
Trí tuệ nhân tạo,2,1.4000000000000001,12.435362230085449,0,0,0,0,0
Logistics và quản lý chuỗi cung ứng,3,0.8,4.35966126092791,0,0,0,0,0
Ngôn ngữ Anh,4,0.6324555320336759,4.793367688317834,0,0,0,0,0
Quản trị dịch vụ du lịch và lữ hành,5,0.4898979485566356,4.81940103722404,0,0,0,0,0
Quản trị dịch vụ du lịch và lữ hành,2,0.66332495807108,13.69803634448007,0,0,0,0,0
Quản trị dịch vụ du lịch và lữ hành,10,0.0,5.258607074317781,1,1,0,2,1
Công nghệ kỹ thuật cơ điện tử,10,0.0,0.8329679811025518,1,1,0,2,1
Công nghệ kỹ thuật môi trường,3,0.6403124237432849,6.9777750047861735,0,0,0,0,0
Khoa học dinh dưỡng và ẩm thực,4,0.66332495807108,10.560636878650499,0,0,0,0,0
Kỹ thuật nhiệt,5,1.2649110640673518,17.075338989302697,0,0,0,0,0
Công nghệ kỹ thuật cơ điện tử,10,0.0,0.8329679811025518,1,1,0,2,1
An toàn thông tin,3,1.6248076809271923,18.61375120348022,0,0,0,0,0
Công nghệ kỹ thuật điện - điện tử,10,0.0,5.258607074317781,1,1,0,2,1
Ngôn ngữ Trung Quốc,2,1.1874342087037917,14.811729923453143,0,0,0,0,0
Kinh doanh quốc tế,2,0.4898979485566356,5.7548424321673295,0,0,0,0,0
Quản trị nhà hàng và dịch vụ ăn uống,3,1.019803902718557,8.457052039434448,0,0,0,0,0
Công nghệ thông tin,10,0.0,5.258607074317781,1,1,0,2,1
Kế toán,4,0.9433981132056604,9.43746618670195,0,0,0,0,0
"Công nghệ dệt, may",2,0.8717797887081347,11.738136506822393,0,0,0,0,0
Công nghệ vật liệu,3,0.9797958971132712,8.104675187300053,0,0,0,0,0
Marketing,2,0.7999999999999999,12.98755846734604,0,0,0,0,0
Thương mại điện tử,4,0.806225774829855,12.500530033601763,0,0,0,0,0
Logistics và quản lý chuỗi cung ứng,10,0.0,4.4655955789171395,1,1,0,2,1
Công nghệ thực phẩm,3,0.7810249675906654,6.232279002918352,0,0,0,0,0
Thương mại điện tử,2,0.7483314773547882,7.4268816148562795,0,0,0,0,0
Công nghệ kỹ thuật điều khiển và TĐH,2,1.4000000000000001,16.20706690984321,0,0,0,0,0
Logistics và quản lý chuỗi cung ứng,2,0.5,3.3851918216247086,0,0,0,0,0
Công nghệ vật liệu,2,0.9,9.827034121657835,0,0,0,0,0
Khoa học dữ liệu,6,1.2041594578792296,10.40873024679227,0,0,0,0,0
Khoa học dữ liệu,3,0.9797958971132712,17.594108184347167,0,0,0,0,0
Công nghệ tài chính,2,1.4000000000000001,12.12296457796345,0,0,0,0,0
Ngôn ngữ Anh,2,1.5652475842498528,20.368917532448933,0,0,0,0,0
Công nghệ chế tạo máy,2,1.1135528725660042,11.667799634908214,0,0,0,0,0
Quản trị kinh doanh,2,1.3,15.082377424352735,0,0,0,0,0
Công nghệ kỹ thuật cơ điện tử,4,0.9165151389911681,9.816671964005254,0,0,0,0,0
Khoa học dữ liệu,2,1.2489995996796797,21.8384958172805,0,0,0,0,0
Khoa học dinh dưỡng và ẩm thực,2,1.1832159566199232,13.169736024633357,0,0,0,0,0
Logistics và quản lý chuỗi cung ứng,2,0.9,12.381669745381144,0,0,0,0,0
Công nghệ tài chính,4,1.0,20.950701391768497,0,0,0,0,0
Trí tuệ nhân tạo,4,1.3453624047073711,27.160224339043765,0,0,0,0,0
Công nghệ chế tạo máy,3,0.6,4.659397200251234,0,0,0,0,0
An toàn thông tin,8,0.6,2.3459817260643554,0,0,0,0,0
Công nghệ kỹ thuật môi trường,2,0.7483314773547882,8.125022702857008,0,0,0,0,0
Quản trị kinh doanh,4,0.6633249580710798,6.620468488349731,0,0,0,0,0
Công nghệ kỹ thuật điều khiển và TĐH,2,1.0440306508910548,10.428152099643388,0,0,0,0,0
Tài chính ngân hàng,3,0.7483314773547882,8.497815168259908,0,0,0,0,0
Khoa học dinh dưỡng và ẩm thực,2,1.118033988749895,11.061070578470964,0,0,0,0,0
Ngôn ngữ Anh,4,0.5,3.835873856260415,0,0,0,0,0
Công nghệ thực phẩm,10,0.0,0.8329679811025518,1,1,0,2,1
Công nghệ kỹ thuật điện - điện tử,2,0.7810249675906654,11.89616476843258,0,0,0,0,0
Quản trị khách sạn,4,0.45825756949558405,4.890865694335136,0,0,0,0,0
Công nghệ thông tin,3,0.9165151389911681,10.502792214254871,0,0,0,0,0
Công nghệ thông tin,3,0.7810249675906654,8.557465148144725,0,0,0,0,0
Công nghệ thông tin,8,0.3,1.3915097250630284,0,0,0,0,0
Kỹ thuật nhiệt,6,0.39999999999999997,6.819779988839924,0,0,0,0,0
Công nghệ kỹ thuật hóa học,2,1.077032961426901,20.56933118935394,0,0,0,0,0
Công nghệ kỹ thuật cơ điện tử,6,0.806225774829855,8.33582768298825,0,0,0,0,0
Quản trị kinh doanh,10,0.0,11.995187939679855,1,1,0,2,1
Ngôn ngữ Trung Quốc,2,0.9797958971132712,11.0185533327548,0,0,0,0,0
Công nghệ thông tin,6,0.48989794855663565,2.280376065450266,0,0,0,0,0
Quản trị kinh doanh,10,0.0,0.8329679811025518,1,1,0,2,1
Quản trị nhà hàng và dịch vụ ăn uống,10,0.0,5.258607074317781,1,1,0,2,1
Ngôn ngữ Trung Quốc,5,0.9165151389911679,5.876807659366188,0,0,0,0,0
Công nghệ kỹ thuật hóa học,4,0.7745966692414834,5.8394944184265025,0,0,0,0,0
Trí tuệ nhân tạo,2,1.4000000000000001,12.978316750090674,0,0,0,0,0
Quản trị kinh doanh,2,1.4866068747318506,20.499409037977767,0,0,0,0,0
Công nghệ kỹ thuật điện - điện tử,3,1.1135528725660044,15.065565284124585,0,0,0,0,0
Đảm bảo chất lượng và an toàn thực phẩm,4,1.1357816691600546,13.674622974908782,0,0,0,0,0
An toàn thông tin,3,0.7810249675906654,9.375353727431287,0,0,0,0,0
Du lịch,3,1.118033988749895,12.483236773959748,0,0,0,0,0
Công nghệ tài chính,3,1.2,12.168414590546167,0,0,0,0,0
Ngôn ngữ Trung Quốc,3,1.3416407864998738,15.904584236515374,0,0,0,0,0
Khoa học dinh dưỡng và ẩm thực,3,1.0954451150103321,10.300427959262048,0,0,0,0,0
Marketing,2,1.2,10.898927821215713,0,0,0,0,0
Công nghệ tài chính,1,1.3,11.008950490824171,0,0,0,0,0
Quản lý tài nguyên và môi trường,2,1.32664991614216,23.496898245739626,0,0,0,0,0
Luật kinh tế,2,1.3266499161421599,13.769885136382003,0,0,0,0,0
Khoa học chế biến món ăn,3,1.42828568570857,17.662413718984453,0,0,0,0,0
Ngôn ngữ Anh,3,1.1661903789690602,13.420058900655985,0,0,0,0,0
Công nghệ vật liệu,3,0.9433981132056604,8.706450430626592,0,0,0,0,0
Kế toán,3,1.1874342087037917,12.347730155720296,0,0,0,0,0
Trí tuệ nhân tạo,4,1.5779733838059498,14.574680485508551,0,0,0,0,0
Công nghệ chế biến thủy sản,3,0.8717797887081347,7.394439143454793,0,0,0,0,0
Công nghệ kỹ thuật điện - điện tử,2,1.6613247725836149,13.456579647543737,0,0,0,0,0
Quản trị khách sạn,3,1.2206555615733703,10.778102787404718,0,0,0,0,0
Công nghệ kỹ thuật điện - điện tử,2,1.4966629547095764,11.864108472187514,0,0,0,0,0
Quản trị nhà hàng và dịch vụ ăn uống,2,1.019803902718557,12.354566833455854,0,0,0,0,0
Công nghệ kỹ thuật cơ điện tử,2,1.02469507659596,5.553282919156714,0,0,0,0,0
Công nghệ kỹ thuật điện - điện tử,4,1.4966629547095767,13.191902290883526,0,0,0,0,0
Công nghệ kỹ thuật điện - điện tử,2,0.9,5.821882178189857,0,0,0,0,0
Công nghệ vật liệu,3,1.1,12.671362319269882,0,0,0,0,0
Quản trị nhà hàng và dịch vụ ăn uống,2,0.9165151389911681,7.477612981808637,0,0,0,0,0
Luật kinh tế,2,1.42828568570857,16.962446305317297,0,0,0,0,0
Công nghệ kỹ thuật điều khiển và TĐH,2,1.2688577540449522,11.113301623178163,0,0,0,0,0
Luật,2,1.445683229480096,20.356122962918246,0,0,0,0,0
Khoa học dữ liệu,2,1.7349351572897473,17.975042358680255,0,0,0,0,0
Công nghệ tài chính,1,1.3416407864998738,10.298733918971914,0,0,0,0,0
Công nghệ vật liệu,2,1.004987562112089,12.977308934650962,0,0,0,0,0
"Công nghệ dệt, may",4,0.45825756949558405,4.493379849601481,0,0,0,0,0
Công nghệ sinh học,8,1.2,11.445409018124778,0,0,0,0,0
Công nghệ sinh học,2,0.9433981132056604,8.334972968575128,0,0,0,0,0
Công nghệ sinh học,2,0.806225774829855,10.058466705252718,0,0,0,0,0
Công nghệ thực phẩm,3,1.118033988749895,19.965321921213263,0,0,0,0,0
Tài chính ngân hàng,10,0.0,5.258607074317781,1,1,0,2,1
Công nghệ thực phẩm,5,0.48989794855663565,3.3713583406462675,0,0,0,0,0
Luật kinh tế,3,0.48989794855663565,3.5191290607719155,0,0,0,0,0
Quản trị dịch vụ du lịch và lữ hành,3,0.8306623862918073,4.826454351016463,0,0,0,0,0
Quản trị dịch vụ du lịch và lữ hành,3,1.3564659966250538,21.2502755251163,0,0,0,0,0
Quản trị dịch vụ du lịch và lữ hành,3,0.7810249675906654,9.85490738635769,0,0,0,0,0
"Công nghệ dệt, may",2,0.48989794855663565,3.864516226328457,0,0,0,0,0
"Công nghệ dệt, may",4,0.6633249580710798,7.671919645205927,0,0,0,0,0
Đảm bảo chất lượng và an toàn thực phẩm,5,0.8306623862918073,8.342919658079047,0,0,0,0,0
"Công nghệ dệt, may",10,0.0,5.258607074317781,1,1,0,2,1
Luật kinh tế,5,0.4472135954999579,1.8103814844850914,0,0,0,0,0
Luật kinh tế,8,0.3,1.9875575373100136,0,0,0,0,0
Công nghệ thông tin,3,1.3,17.14633654055104,0,0,0,0,0
Công nghệ vật liệu,8,0.3,1.9875575373100136,0,0,0,0,0
Marketing,3,0.45825756949558405,1.4693993882628433,0,0,0,0,0
Công nghệ tài chính,6,0.7483314773547882,7.976011424628636,0,0,0,0,0
Luật kinh tế,4,0.45825756949558405,4.890865694335136,0,0,0,0,0
Marketing,3,0.6708203932499369,4.862360938254636,0,0,0,0,0
Công nghệ vật liệu,2,0.7810249675906654,12.503745383004107,0,0,0,0,0
Luật kinh tế,2,0.66332495807108,7.329208470842798,0,0,0,0,0
Luật kinh tế,8,0.4472135954999579,2.4901419180320463,0,0,0,0,0
Công nghệ thông tin,3,1.42828568570857,19.608485141739006,0,0,0,0,0
Quản trị khách sạn,2,1.1832159566199232,9.342517049768881,0,0,0,0,0
Khoa học dữ liệu,3,0.7810249675906654,8.72093245920167,0,0,0,0,0
Công nghệ sinh học,4,0.6708203932499369,5.9621177717987806,0,0,0,0,0
Công nghệ kỹ thuật điều khiển và TĐH,4,0.7,5.967882489203624,0,0,0,0,0
Kỹ thuật nhiệt,10,0.0,5.258607074317781,1,1,0,2,1
Công nghệ kỹ thuật điện - điện tử,3,0.8717797887081347,12.187726650449513,0,0,0,0,0
Công nghệ chế tạo máy,2,0.9433981132056604,12.726757927776541,0,0,0,0,0
"Công nghệ dệt, may",10,0.0,11.995187939679855,1,1,0,2,1
Công nghệ kỹ thuật điện - điện tử,4,1.9595917942265426,32.19946084180652,0,0,1,1,0
Công nghệ kỹ thuật cơ điện tử,6,0.7483314773547882,7.083505569830605,0,0,0,0,0
Công nghệ kỹ thuật điện - điện tử,4,0.9433981132056604,7.511149298879372,0,0,0,0,0
Công nghệ kỹ thuật điện - điện tử,10,0.0,5.258607074317781,1,1,0,2,1
"Công nghệ dệt, may",9,0.29999999999999993,3.1893831688445213,0,0,0,0,0
"Công nghệ dệt, may",2,1.445683229480096,31.53096364679705,0,0,1,1,0
"Công nghệ dệt, may",8,0.3,0.865077786066259,0,0,0,0,0
"Công nghệ dệt, may",10,0.0,5.258607074317781,1,1,0,2,1
"Công nghệ dệt, may",3,0.7483314773547882,9.40705995327405,0,0,0,0,0
Công nghệ kỹ thuật cơ điện tử,7,1.2041594578792296,11.180046765126988,0,0,0,0,0
Kinh doanh quốc tế,4,0.6403124237432849,3.511292456757423,0,0,0,0,0
"Công nghệ dệt, may",3,0.6403124237432849,6.967785712825794,0,0,0,0,0
Công nghệ kỹ thuật điện - điện tử,10,0.0,5.258607074317781,1,1,0,2,1
Công nghệ kỹ thuật điện - điện tử,10,0.0,5.258607074317781,1,1,0,2,1
Kỹ thuật nhiệt,10,0.0,5.258607074317781,1,1,0,2,1
Kỹ thuật nhiệt,8,0.3,1.3915097250630284,0,0,0,0,0
Kỹ thuật nhiệt,7,0.3,6.151287026819308,0,0,0,0,0
Công nghệ kỹ thuật điện - điện tử,2,0.4898979485566356,4.873434198526574,0,0,0,0,0
Kỹ thuật nhiệt,3,1.3416407864998738,18.71819732576878,0,0,0,0,0
Kỹ thuật nhiệt,5,0.8717797887081347,12.927649057181803,0,0,0,0,0
Công nghệ kỹ thuật cơ điện tử,3,0.48989794855663565,2.67134673809911,0,0,0,0,0
Công nghệ chế tạo máy,5,1.8000000000000003,38.35099165368823,0,0,1,1,0
Công nghệ chế tạo máy,10,0.0,5.258607074317781,1,1,0,2,1
Luật,7,0.45825756949558405,5.0966266960169255,0,0,0,0,0
Tài chính ngân hàng,2,0.7483314773547882,8.100206081804224,0,0,0,0,0
Marketing,3,1.42828568570857,12.126733453750221,0,0,0,0,0
Marketing,10,0.0,5.258607074317781,1,1,0,2,1
Công nghệ kỹ thuật điều khiển và TĐH,5,1.8867962264113207,30.792607029618964,0,0,1,1,0
Du lịch,8,1.2,11.445409018124778,0,0,0,0,0
Quản trị dịch vụ du lịch và lữ hành,2,1.118033988749895,10.254896347062928,0,0,0,0,0
Công nghệ chế tạo máy,10,0.0,5.258607074317781,1,1,0,2,1
Công nghệ chế tạo máy,2,0.9165151389911681,10.291484819490773,0,0,0,0,0
Công nghệ vật liệu,2,1.0440306508910548,13.440361917994927,0,0,0,0,0
Quản trị kinh doanh,6,0.6403124237432849,5.754219852014077,0,0,0,0,0
Kinh doanh thời trang và dệt may,3,0.9165151389911681,8.09280989356217,0,0,0,0,0
Ngôn ngữ Anh,5,0.7810249675906654,17.187080739972323,0,0,0,0,0
Trí tuệ nhân tạo,3,0.7810249675906654,8.328531446361602,0,0,0,0,0
Công nghệ vật liệu,3,1.1874342087037917,12.532173086698753,0,0,0,0,0
Công nghệ vật liệu,3,0.6708203932499369,6.3708811908425576,0,0,0,0,0
Công nghệ thực phẩm,2,1.1,10.743264102876502,0,0,0,0,0
Du lịch,10,0.0,11.995187939679855,1,1,0,2,1
Tài chính ngân hàng,2,1.1357816691600546,16.12449199977622,0,0,0,0,0
Ngôn ngữ Trung Quốc,2,1.284523257866513,19.42246503247531,0,0,0,0,0
Công nghệ chế biến thủy sản,2,1.1874342087037917,9.602214777601926,0,0,0,0,0
Công nghệ kỹ thuật điều khiển và TĐH,10,0.0,11.995187939679855,1,1,0,2,1
Công nghệ kỹ thuật hóa học,2,0.9433981132056604,9.611176403321638,0,0,0,0,0
Tài chính ngân hàng,3,0.8717797887081347,14.783142010943171,0,0,0,0,0
Tài chính ngân hàng,3,1.1135528725660042,9.732847187970584,0,0,0,0,0
Tài chính ngân hàng,4,0.66332495807108,3.5034671155068327,0,0,0,0,0
Công nghệ kỹ thuật điều khiển và TĐH,4,1.4866068747318506,11.93313120323257,0,0,0,0,0
Quản lý tài nguyên và môi trường,4,1.4177446878757827,32.991252154445874,0,0,1,1,0
Quản trị nhà hàng và dịch vụ ăn uống,4,0.9165151389911679,6.773183657438115,0,0,0,0,0
Marketing,2,1.4696938456699067,15.136800048907626,0,0,0,0,0
Trí tuệ nhân tạo,2,1.6155494421403513,16.13806554151587,0,0,0,0,0
Kinh doanh quốc tế,4,0.45825756949558405,3.5258692231255213,0,0,0,0,0
Ngôn ngữ Trung Quốc,3,1.044030650891055,14.457171110364486,0,0,0,0,0
Marketing,3,0.9165151389911681,6.73631341318386,0,0,0,0,0
Du lịch,2,1.2,28.305709942705768,0,0,0,0,0
Ngôn ngữ Trung Quốc,10,0.0,5.258607074317781,1,1,0,2,1
Đảm bảo chất lượng và an toàn thực phẩm,1,1.4866068747318506,29.000124480180084,0,0,0,0,0
Khoa học dinh dưỡng và ẩm thực,3,1.1357816691600546,10.324798651850472,0,0,0,0,0
Tài chính ngân hàng,10,0.0,1.0973051462361,1,1,0,2,1
Quản trị dịch vụ du lịch và lữ hành,1,1.1832159566199232,17.12697989237776,0,0,0,0,0
Quản trị kinh doanh thực phẩm,3,0.7810249675906654,8.518585806694182,0,0,0,0,0
Khoa học chế biến món ăn,10,0.0,0.8329679811025518,1,1,0,2,1
Kế toán,2,0.7745966692414834,7.274240887899251,0,0,0,0,0
Logistics và quản lý chuỗi cung ứng,2,1.0440306508910548,12.855598114146847,0,0,0,0,0
Khoa học dinh dưỡng và ẩm thực,4,0.7810249675906654,8.227244808718948,0,0,0,0,0
Công nghệ sinh học,1,0.9,13.82038900570034,0,0,0,0,0
Quản trị kinh doanh thực phẩm,2,0.8306623862918074,7.617528710730381,0,0,0,0,0
Công nghệ kỹ thuật cơ điện tử,10,0.0,4.4655955789171395,1,1,0,2,1
Quản trị khách sạn,10,0.0,0.8329679811025518,1,1,0,2,1
Quản lý Công nghiệp,2,1.4142135623730951,12.738485878417967,0,0,0,0,0
Quản trị khách sạn,10,0.0,4.4655955789171395,1,1,0,2,1
Công nghệ thông tin,2,1.1,11.062742537861656,0,0,0,0,0
Ngôn ngữ Anh,3,0.9433981132056604,9.386237066019065,0,0,0,0,0
Quản trị dịch vụ du lịch và lữ hành,1,1.1832159566199232,16.063717087583264,0,0,0,0,0
An toàn thông tin,2,0.9433981132056604,10.308776706817422,0,0,0,0,0
Marketing,3,0.5,3.0896525874466945,0,0,0,0,0
Luật kinh tế,10,0.0,0.8329679811025518,1,1,0,2,1
Công nghệ kỹ thuật hóa học,10,0.0,0.8329679811025518,1,1,0,2,1
Ngôn ngữ Anh,10,0.0,5.258607074317781,1,1,0,2,1
Công nghệ chế tạo máy,8,0.6,4.925745445885401,0,0,0,0,0
Công nghệ kỹ thuật điện - điện tử,5,0.6708203932499369,4.834907912604869,0,0,0,0,0
"Công nghệ dệt, may",3,0.8717797887081347,7.66833453108274,0,0,0,0,0
Công nghệ thực phẩm,4,0.7483314773547882,5.837312634848017,0,0,0,0,0
Công nghệ thực phẩm,2,0.9797958971132712,9.021282287477218,0,0,0,0,0
Đảm bảo chất lượng và an toàn thực phẩm,4,0.9219544457292888,11.054393407558383,0,0,0,0,0
Logistics và quản lý chuỗi cung ứng,3,1.1874342087037917,20.489062223966236,0,0,0,0,0
Kinh doanh quốc tế,6,0.6403124237432849,7.705203936484759,0,0,0,0,0
Kế toán,10,0.0,0.8329679811025518,1,1,0,2,1
Luật,2,1.445683229480096,22.697423723401414,0,0,0,0,0
Công nghệ kỹ thuật cơ điện tử,2,0.7483314773547882,9.750052133408946,0,0,0,0,0
Quản trị kinh doanh,5,1.32664991614216,15.439052567142543,0,0,0,0,0
Thương mại điện tử,3,0.9165151389911681,10.272911649710482,0,0,0,0,0
Quản trị kinh doanh,3,1.019803902718557,15.375898729988696,0,0,0,0,0
Công nghệ kỹ thuật điện - điện tử,2,0.7483314773547882,5.129624895712579,0,0,0,0,0
Công nghệ thực phẩm,3,0.9219544457292888,7.720817266214016,0,0,0,0,0
"Công nghệ dệt, may",2,1.1661903789690602,14.762439205991727,0,0,0,0,0
Công nghệ kỹ thuật môi trường,2,0.7,6.478053427432793,0,0,0,0,0
Quản trị kinh doanh,2,1.2806248474865698,18.07241684018848,0,0,0,0,0
Công nghệ vật liệu,10,0.0,0.8329679811025518,1,1,0,2,1
Tài chính ngân hàng,8,0.4472135954999579,2.2405547703923774,0,0,0,0,0
Công nghệ kỹ thuật môi trường,1,1.5524174696260025,29.31636483937911,0,0,0,0,0
Công nghệ chế tạo máy,4,1.5,13.792893427408291,0,0,0,0,0
Quản trị kinh doanh thực phẩm,10,0.0,5.258607074317781,1,1,0,2,1
Quản trị kinh doanh thực phẩm,2,0.6,9.749292769178306,0,0,0,0,0
Công nghệ thông tin,3,1.1135528725660042,9.128780095012653,0,0,0,0,0
Luật kinh tế,3,0.9,6.592894294451027,0,0,0,0,0
Công nghệ kỹ thuật điện - điện tử,4,1.5,13.954152416029459,0,0,0,0,0
Ngôn ngữ Trung Quốc,3,1.1,9.132340695731578,0,0,0,0,0
Kế toán,2,0.8717797887081347,8.487972955149896,0,0,0,0,0
Khoa học chế biến món ăn,4,0.8,6.577375679301844,0,0,0,0,0
Quản trị nhà hàng và dịch vụ ăn uống,3,1.004987562112089,13.881585762872378,0,0,0,0,0
Công nghệ tài chính,5,0.39999999999999997,2.381363936560877,0,0,0,0,0
Kinh doanh quốc tế,5,0.9165151389911681,12.133841852508855,0,0,0,0,0
Công nghệ kỹ thuật hóa học,3,0.6,2.4833037556833504,0,0,0,0,0
Quản trị kinh doanh,4,0.8717797887081347,10.06837277362285,0,0,0,0,0
Kinh doanh quốc tế,10,0.0,0.8329679811025518,1,1,0,2,1
Công nghệ sinh học,2,1.1,13.091572093034648,0,0,0,0,0
Tài chính ngân hàng,4,1.019803902718557,9.621135928442882,0,0,0,0,0
Luật kinh tế,3,1.004987562112089,16.086341896973856,0,0,0,0,0
Quản trị kinh doanh thực phẩm,2,0.7483314773547882,7.900258796073011,0,0,0,0,0
Luật,8,0.3,2.1873632506650402,0,0,0,0,0
Kế toán,6,0.45825756949558405,4.15413210953,0,0,0,0,0
Quản lý Công nghiệp,2,0.7,5.8496336027135705,0,0,0,0,0
Công nghệ thông tin,4,0.9,8.000578525363709,0,0,0,0,0
Công nghệ kỹ thuật hóa học,3,0.9165151389911681,9.80414396438444,0,0,0,0,0
Thương mại điện tử,2,1.3564659966250538,9.84248512016952,0,0,0,0,0
Công nghệ kỹ thuật hóa học,2,0.9,9.199884605947267,0,0,0,0,0
Công nghệ kỹ thuật điện - điện tử,10,0.0,0.8329679811025518,1,1,0,2,1
Logistics và quản lý chuỗi cung ứng,4,0.7483314773547882,7.441529424134881,0,0,0,0,0
Quản lý tài nguyên và môi trường,2,1.0,10.747687043947883,0,0,0,0,0
Công nghệ thông tin,5,1.3,22.60280296850134,0,0,0,0,0
Công nghệ kỹ thuật điều khiển và TĐH,3,1.8,42.99944008865103,0,0,1,1,0
Luật kinh tế,3,1.3,17.234083645146953,0,0,0,0,0
Ngôn ngữ Anh,2,1.077032961426901,12.921163827315919,0,0,0,0,0
Công nghệ sinh học,3,1.004987562112089,13.26881934716989,0,0,0,0,0
Công nghệ thông tin,3,0.7,7.669933879986996,0,0,0,0,0
Luật,2,1.445683229480096,15.222274174183534,0,0,0,0,0
Công nghệ thực phẩm,3,0.6,8.664840431531985,0,0,0,0,0
Quản trị nhà hàng và dịch vụ ăn uống,8,1.2000000000000002,20.566181132474767,0,0,0,0,0
Quản trị khách sạn,3,0.39999999999999997,6.849214525125333,0,0,0,0,0
Công nghệ thông tin,7,0.39999999999999997,3.816859179376886,0,0,0,0,0
Quản lý Công nghiệp,3,1.2688577540449522,7.726889023032823,0,0,0,0,0
Quản lý tài nguyên và môi trường,1,1.1135528725660044,13.955336026729908,0,0,0,0,0
Công nghệ thông tin,3,0.7483314773547882,5.631988071274277,0,0,0,0,0
Kinh doanh quốc tế,2,1.2806248474865698,12.136487515795064,0,0,0,0,0
Quản trị dịch vụ du lịch và lữ hành,2,1.1661903789690602,13.018674229139975,0,0,0,0,0
Kỹ thuật nhiệt,3,1.3564659966250536,12.372556801190495,0,0,0,0,0
Trí tuệ nhân tạo,2,1.3564659966250536,10.184318259656138,0,0,0,0,0
Công nghệ thực phẩm,3,1.044030650891055,13.974135149281805,0,0,0,0,0
An toàn thông tin,4,0.5385164807134505,3.9065134776817803,0,0,0,0,0
Công nghệ vật liệu,10,0.0,5.258607074317781,1,1,0,2,1
Công nghệ vật liệu,10,0.0,5.258607074317781,1,1,0,2,1
Công nghệ vật liệu,6,0.6403124237432849,4.642977308778003,0,0,0,0,0
Công nghệ thực phẩm,3,1.57797338380595,25.711382530033635,0,0,0,0,0
Kinh doanh quốc tế,2,1.1135528725660042,11.492157587240353,0,0,0,0,0
Công nghệ kỹ thuật cơ điện tử,2,1.4000000000000001,12.238971581538133,0,0,0,0,0
Công nghệ kỹ thuật điện - điện tử,8,0.6,4.925745445885401,0,0,0,0,0
Trí tuệ nhân tạo,3,1.8000000000000003,15.675129887170304,0,0,0,0,0
Luật,3,1.42828568570857,16.53839355761361,0,0,0,0,0
Công nghệ kỹ thuật cơ điện tử,5,0.8,4.246098530557774,0,0,0,0,0
Công nghệ tài chính,10,0.0,5.258607074317781,1,1,0,2,1
Du lịch,5,0.6708203932499369,9.678415818334114,0,0,0,0,0
Trí tuệ nhân tạo,2,1.42828568570857,13.372479307937084,0,0,0,0,0
Công nghệ kỹ thuật cơ điện tử,1,1.42828568570857,13.332343826467637,0,0,0,0,0
Luật,3,0.48989794855663565,5.233171555194479,0,0,0,0,0
Khoa học chế biến món ăn,2,0.7483314773547882,7.1624330561037,0,0,0,0,0
Công nghệ kỹ thuật điều khiển và TĐH,2,1.5779733838059498,15.95157749809842,0,0,0,0,0
"Công nghệ dệt, may",1,0.9165151389911681,9.106171101913734,0,0,0,0,0
Công nghệ thực phẩm,2,1.1832159566199232,10.45845433031258,0,0,0,0,0
Ngôn ngữ Trung Quốc,1,1.2806248474865698,31.82715774612888,0,0,1,1,0
Tài chính ngân hàng,2,0.8000000000000002,5.264814950057668,0,0,0,0,0
Công nghệ vật liệu,3,0.8,8.745159518891196,0,0,0,0,0
Công nghệ kỹ thuật hóa học,3,0.7810249675906654,7.872278232943975,0,0,0,0,0
Quản trị khách sạn,2,1.2489995996796797,12.870795175037705,0,0,0,0,0
Công nghệ thông tin,2,1.5652475842498528,15.697221143532378,0,0,0,0,0
Công nghệ chế biến thủy sản,3,1.0770329614269007,12.578187532767975,0,0,0,0,0
Quản trị kinh doanh,2,1.1661903789690602,12.662847357920622,0,0,0,0,0
Khoa học dữ liệu,2,1.3416407864998738,9.19501671013222,0,0,0,0,0
Marketing,1,1.2489995996796797,9.764966689225185,0,0,0,0,0
Công nghệ chế biến thủy sản,2,1.1357816691600549,13.599035043188502,0,0,0,0,0
Đảm bảo chất lượng và an toàn thực phẩm,4,0.8306623862918074,7.72862586619428,0,0,0,0,0
An toàn thông tin,3,1.661324772583615,15.491667349619327,0,0,0,0,0
Công nghệ vật liệu,3,0.9,7.518843584318362,0,0,0,0,0
Quản lý tài nguyên và môi trường,2,0.6324555320336759,6.098446539196447,0,0,0,0,0
Công nghệ tài chính,3,1.1357816691600549,8.667047085593758,0,0,0,0,0
An toàn thông tin,4,1.2,8.480889500450441,0,0,0,0,0
"Công nghệ dệt, may",6,1.2,21.00965043782761,0,0,0,0,0
Công nghệ kỹ thuật điện - điện tử,2,1.445683229480096,11.845121060372696,0,0,0,0,0
Công nghệ kỹ thuật điều khiển và TĐH,3,1.4000000000000001,10.024825460865774,0,0,0,0,0
Khoa học dinh dưỡng và ẩm thực,2,1.2649110640673518,17.557712574642984,0,0,0,0,0
Công nghệ kỹ thuật điều khiển và TĐH,3,1.42828568570857,12.391278449371,0,0,0,0,0
Du lịch,2,0.7810249675906654,6.120826008628536,0,0,0,0,0
Khoa học chế biến món ăn,2,0.9433981132056604,8.88424355369369,0,0,0,0,0
Quản trị kinh doanh,2,1.2,11.505378071521442,0,0,0,0,0
Thương mại điện tử,2,0.8717797887081347,7.053469652880874,0,0,0,0,0
Tài chính ngân hàng,3,0.7745966692414834,5.499165976383688,0,0,0,0,0
Khoa học dinh dưỡng và ẩm thực,10,0.0,5.258607074317781,1,1,0,2,1
Công nghệ chế tạo máy,3,1.2806248474865698,10.983547284654763,0,0,0,0,0
Marketing,3,1.1,7.854263264715915,0,0,0,0,0
Công nghệ kỹ thuật hóa học,2,1.2649110640673518,13.860070696717413,0,0,0,0,0
Quản trị kinh doanh thực phẩm,2,1.1661903789690602,14.246017305062555,0,0,0,0,0
Khoa học dinh dưỡng và ẩm thực,3,0.8717797887081347,7.767184980894871,0,0,0,0,0
Quản trị kinh doanh,4,1.1135528725660042,8.986930976603432,0,0,0,0,0
Đảm bảo chất lượng và an toàn thực phẩm,3,1.077032961426901,10.240500427983916,0,0,0,0,0
Quản lý Công nghiệp,2,0.9,7.288922730962272,0,0,0,0,0
Kế toán,2,1.118033988749895,8.844276697411624,0,0,0,0,0
Ngôn ngữ Trung Quốc,2,1.3601470508735443,15.66993066882283,0,0,0,0,0
Trí tuệ nhân tạo,3,1.6155494421403513,15.619091763604652,0,0,0,0,0
Quản trị kinh doanh,3,1.2489995996796797,11.804158052744349,0,0,0,0,0
Trí tuệ nhân tạo,2,1.5999999999999999,14.784845853963015,0,0,0,0,0
Ngôn ngữ Anh,1,1.32664991614216,14.756327844520978,0,0,0,0,0
Marketing,2,1.2489995996796797,10.064476615767532,0,0,0,0,0
Công nghệ tài chính,3,1.4177446878757822,10.514834610923254,0,0,0,0,0
Luật,2,1.5362291495737217,19.15065139620132,0,0,0,0,0
